325,2043.48,989.626,1950,-2043.48,989.626,1200,-64.1598,
335,2048.15,884.585,1950,-2048.15,884.585,1200,-66.6407,
371,2067.43,939.295,1950,-2067.43,939.295,1200,-65.5663,
374,1897.53,859.11,1950,-1897.53,859.11,1200,-65.6413,
378,1864.13,885.616,1950,-1864.13,885.616,1200,-64.5884,
382,1941.6,976.73,1950,-1941.6,976.73,1200,-63.2951,
383,1735.17,908.848,1950,-1735.17,908.848,1200,-62.3553,
387,1908.45,956.971,1950,-1908.45,956.971,1200,-63.369,
388,1907.19,973.712,1950,-1907.19,973.712,1200,-62.9536,
389,1948.31,1009.21,1950,-1948.31,1009.21,1200,-62.6162,
391,1738.65,953.57,1950,-1738.65,953.57,1200,-61.2573,
394,1895.39,957.645,1950,-1895.39,957.645,1200,-63.1948,
396,1892.97,945.058,1950,-1892.97,945.058,1200,-63.4695,
397,2133.68,1009.25,1950,-2133.68,1009.25,1200,-64.6853,
410,2056.24,897.39,1950,-2056.24,897.39,1200,-66.4224,
417,1837.66,845.188,1950,-1837.66,845.188,1200,-65.301,
424,1666.86,841.167,1950,-1666.86,841.167,1200,-63.2225,
431,2213.97,1039.81,1950,-2213.97,1039.81,1200,-64.8426,
440,1923.41,871.495,1950,-1923.41,871.495,1200,-65.6248,
441,2199.33,1143.8,1950,-2199.33,1143.8,1200,-62.5224,
446,2011.48,901.277,1950,-2011.48,901.277,1200,-65.8644,
457,1729.97,879.025,1950,-1729.97,879.025,1200,-63.0641,
459,1825.97,936.382,1950,-1825.97,936.382,1200,-62.8506,
460,1816.38,916.099,1950,-1816.38,916.099,1200,-63.2357,
465,1779.44,979.635,1950,-1779.44,979.635,1200,-61.1659,
466,1982.23,1130.06,1950,-1982.23,1130.06,1200,-60.3126,
470,1757.2,1048.41,1950,-1757.2,1048.41,1200,-59.1782,
471,1952.42,1087.93,1950,-1952.42,1087.93,1200,-60.8725,
472,1743.72,1010.35,1950,-1743.72,1010.35,1200,-59.911,
473,1783.21,1139.24,1950,-1783.21,1139.24,1200,-57.4266,
474,1769.54,990.45,1950,-1769.54,990.45,1200,-60.7634,
475,1903.38,1205.64,1950,-1903.38,1205.64,1200,-57.6491,
477,1683.69,1125.3,1950,-1683.69,1125.3,1200,-56.2432,
480,1755.92,1181.09,1950,-1755.92,1181.09,1200,-56.074,
481,1693.12,994.158,1950,-1693.12,994.158,1200,-59.5796,
482,1687.31,1074.11,1950,-1687.31,1074.11,1200,-57.5201,
483,1646.14,992.916,1950,-1646.14,992.916,1200,-58.9026,
484,1689.74,1080.94,1950,-1689.74,1080.94,1200,-57.3926,
485,1601.24,1021.64,1950,-1601.24,1021.64,1200,-57.461,
486,1774.62,1179.04,1950,-1774.62,1179.04,1200,-56.4004,
487,1531.9,950.257,1950,-1531.9,950.257,1200,-58.1882,
488,1635.43,1073.49,1950,-1635.43,1073.49,1200,-56.7193,
489,1667.2,1044.94,1950,-1667.2,1044.94,1200,-57.922,
490,1484.12,984.266,1950,-1484.12,984.266,1200,-56.4478,
491,1526.34,1016.04,1950,-1526.34,1016.04,1200,-56.3494,
492,1502.86,987.75,1950,-1502.86,987.75,1200,-56.6852,
493,1594.99,1032.2,1950,-1594.99,1032.2,1200,-57.0911,
494,1509.76,1059.06,1950,-1509.76,1059.06,1200,-54.9512,
495,1572.78,1052.05,1950,-1572.78,1052.05,1200,-56.2211,
496,1541.42,1114.98,1950,-1541.42,1114.98,1200,-54.1199,
497,1511.47,1097.46,1950,-1511.47,1097.46,1200,-54.0171,
498,1439.39,1104.45,1950,-1439.39,1104.45,1200,-52.5009,
499,1455.42,1163.16,1950,-1455.42,1163.16,1200,-51.3684,
500,1353.61,1136.99,1950,-1353.61,1136.99,1200,-49.9707,
501,1405.43,1145,1950,-1405.43,1145,1200,-50.8305,
502,1370.25,1171.79,1950,-1370.25,1171.79,1200,-49.4643,
503,1365.53,1194.97,1950,-1365.53,1194.97,1200,-48.811,
504,1272.92,1193.86,1950,-1272.92,1193.86,1200,-46.8357,
505,1222.17,1159.28,1950,-1222.17,1159.28,1200,-46.5128,
506,1213.82,1203.74,1950,-1213.82,1203.74,1200,-45.239,
507,1239.1,1293.56,1950,-1239.1,1293.56,1200,-43.7681,
508,1201.91,1186.61,1950,-1201.91,1186.61,1200,-45.3672,
509,1208.18,1280.11,1950,-1208.18,1280.11,1200,-43.3443,
510,1174.13,1212.57,1950,-1174.13,1212.57,1200,-44.0772,
511,1166.84,1256.73,1950,-1166.84,1256.73,1200,-42.8757,
512,1191.61,1179.85,1950,-1191.61,1179.85,1200,-45.2841,
513,1171.38,1200.96,1950,-1171.38,1200.96,1200,-44.2857,
514,1223.15,1240.98,1950,-1223.15,1240.98,1200,-44.5853,
515,1325.08,1290.76,1950,-1325.08,1290.76,1200,-45.7517,
516,1241.42,1220.99,1950,-1241.42,1220.99,1200,-45.4753,
517,1328.83,1252.74,1950,-1328.83,1252.74,1200,-46.6882,
518,1397.07,1237.52,1950,-1397.07,1237.52,1200,-48.4655,
519,1395.51,1263.62,1950,-1395.51,1263.62,1200,-47.8394,
520,1479.01,1273.04,1950,-1479.01,1273.04,1200,-49.2803,
521,1451.59,1237.43,1950,-1451.59,1237.43,1200,-49.5534,
522,1469.12,1199.75,1950,-1469.12,1199.75,1200,-50.7635,
524,1458.44,1191.01,1950,-1458.44,1191.01,1200,-50.7638,
525,1520.95,1170.15,1950,-1520.95,1170.15,1200,-52.4269,
526,1617.56,1268.83,1950,-1617.56,1268.83,1200,-51.889,
527,1511.02,1166.22,1950,-1511.02,1166.22,1200,-52.3385,
528,1510.19,1179.51,1950,-1510.19,1179.51,1200,-52.009,
529,1703.21,1227.71,1950,-1703.21,1227.71,1200,-54.2152,
533,1640.97,1202.62,1950,-1640.97,1202.62,1200,-53.7634,
535,1491.81,1040.35,1950,-1491.81,1040.35,1200,-55.109,
536,1614.09,1190.09,1950,-1614.09,1190.09,1200,-53.5983,
538,1506.25,991.485,1950,-1506.25,991.485,1200,-56.6452,
539,1677.11,1223.04,1950,-1677.11,1223.04,1200,-53.8984,
541,1775.45,1041.22,1950,-1775.45,1041.22,1200,-59.6104,
542,1592.48,982.764,1950,-1592.48,982.764,1200,-58.3201,
544,1534.65,907.934,1950,-1534.65,907.934,1200,-59.3905,
547,1579.79,891.107,1950,-1579.79,891.107,1200,-60.574,
548,1777.56,918.433,1950,-1777.56,918.433,1200,-62.6755,
551,1721.05,897.047,1950,-1721.05,897.047,1200,-62.4706,
554,1650.82,908.675,1950,-1650.82,908.675,1200,-61.1699,
555,1596.35,864.616,1950,-1596.35,864.616,1200,-61.5591,
558,1660.16,854.779,1950,-1660.16,854.779,1200,-62.757,
567,1697.26,1015.87,1950,-1697.26,1015.87,1200,-59.0979,
571,1863.6,1228.4,1950,-1863.6,1228.4,1200,-56.6089,
574,1587.63,1091.85,1950,-1587.63,1091.85,1200,-55.4828,
577,1627.4,1157.35,1950,-1627.4,1157.35,1200,-54.5809,
578,1597.2,1146.01,1950,-1597.2,1146.01,1200,-54.3401,
579,1485.07,1167.02,1950,-1485.07,1167.02,1200,-51.8385,
580,1471.43,1216.22,1950,-1471.43,1216.22,1200,-50.4242,
582,1468.73,1214.42,1950,-1468.73,1214.42,1200,-50.4145,
584,1415.9,1195.3,1950,-1415.9,1195.3,1200,-49.829,
585,1225.95,1178.99,1950,-1225.95,1178.99,1200,-46.1188,
586,1216.68,1160.54,1950,-1216.68,1160.54,1200,-46.3528,
587,1274.53,1165.64,1950,-1274.53,1165.64,1200,-47.5552,
588,1285.81,1163.27,1950,-1285.81,1163.27,1200,-47.8642,
589,1185.2,1115.55,1950,-1185.2,1115.55,1200,-46.7339,
590,1235.69,1157.85,1950,-1235.69,1157.85,1200,-46.8628,
591,1162.23,1116.76,1950,-1162.23,1116.76,1200,-46.1428,
592,1065.63,1068.07,1950,-1065.63,1068.07,1200,-44.9345,
593,1035.57,1058.37,1950,-1035.57,1058.37,1200,-44.3763,
594,973.32,1015.7,1950,-973.32,1015.7,1200,-43.7795,
595,917.055,1026.29,1950,-917.055,1026.29,1200,-41.7827,
596,942.978,1034.32,1950,-942.978,1034.32,1200,-42.3551,
597,939.476,1051.55,1950,-939.476,1051.55,1200,-41.7783,
598,907.597,1060.32,1950,-907.597,1060.32,1200,-40.5624,
599,830.967,990.459,1950,-830.967,990.459,1200,-39.9957,
600,811.894,999.071,1950,-811.894,999.071,1200,-39.099,
601,785.92,978.396,1950,-785.92,978.396,1200,-38.774,
602,768.158,976.539,1950,-768.158,976.539,1200,-38.189,
603,785.866,975.565,1950,-785.866,975.565,1200,-38.8532,
604,777.623,975.893,1950,-777.623,975.893,1200,-38.549,
605,871.933,997.574,1950,-871.933,997.574,1200,-41.1552,
606,782.754,963.257,1950,-782.754,963.257,1200,-39.0977,
607,802.921,967.421,1950,-802.921,967.421,1200,-39.6913,
608,785.594,954.702,1950,-785.594,954.702,1200,-39.4499,
609,854.39,993.696,1950,-854.39,993.696,1200,-40.6893,
610,1110.11,1041.88,1950,-1110.11,1041.88,1200,-46.8159,
611,820.126,987.522,1950,-820.126,987.522,1200,-39.7092,
612,827.824,989.1,1950,-827.824,989.1,1200,-39.9275,
613,843.597,997.786,1950,-843.597,997.786,1200,-40.2135,
614,852.359,986.119,1950,-852.359,986.119,1200,-40.8387,
615,854.09,975.395,1950,-854.09,975.395,1200,-41.2065,
616,865.092,1006.53,1950,-865.092,1006.53,1200,-40.6785,
617,833.186,975.239,1950,-833.186,975.239,1200,-40.5086,
618,853.881,985.729,1950,-853.881,985.729,1200,-40.9005,
619,832.601,998.384,1950,-832.601,998.384,1200,-39.8264,
620,836.563,1004.07,1950,-836.563,1004.07,1200,-39.8001,
621,854.86,984.494,1950,-854.86,984.494,1200,-40.9686,
622,837.127,986.7,1950,-837.127,986.7,1200,-40.3116,
623,846.679,1001.66,1950,-846.679,1001.66,1200,-40.2069,
624,823.416,968.163,1950,-823.416,968.163,1200,-40.3809,
625,850.323,1003.56,1950,-850.323,1003.56,1200,-40.2748,
626,818.354,972.783,1950,-818.354,972.783,1200,-40.0722,
627,883.894,992.826,1950,-883.894,992.826,1200,-41.6781,
628,829.441,947.562,1950,-829.441,947.562,1200,-41.197,
629,843.241,1000.88,1950,-843.241,1000.88,1200,-40.1142,
630,847.25,945.856,1950,-847.25,945.856,1200,-41.8524,
631,855.264,1000.87,1950,-855.264,1000.87,1200,-40.5146,
632,834.415,987.652,1950,-834.415,987.652,1200,-40.1927,
633,847.849,974.51,1950,-847.849,974.51,1200,-41.0241,
634,814.118,957.328,1950,-814.118,957.328,1200,-40.3781,
635,847.37,953.072,1950,-847.37,953.072,1200,-41.6401,
636,876.909,1001.23,1950,-876.909,1001.23,1200,-41.213,
637,836.135,968.525,1950,-836.135,968.525,1200,-40.8043,
638,834.394,982.742,1950,-834.394,982.742,1200,-40.3328,
639,847.835,991.203,1950,-847.835,991.203,1200,-40.5423,
640,826.496,977.327,1950,-826.496,977.327,1200,-40.2202,
641,813.875,966.425,1950,-813.875,966.425,1200,-40.1024,
642,799.665,963.972,1950,-799.665,963.972,1200,-39.6775,
643,843.87,991.03,1950,-843.87,991.03,1200,-40.4147,
644,815.185,970.994,1950,-815.185,970.994,1200,-40.0147,
645,840.07,1009.37,1950,-840.07,1009.37,1200,-39.7697,
646,829.054,976.253,1950,-829.054,976.253,1200,-40.3386,
647,793.364,970.546,1950,-793.364,970.546,1200,-39.264,
648,812.774,990.594,1950,-812.774,990.594,1200,-39.3686,
649,832.38,995.196,1950,-832.38,995.196,1200,-39.909,
650,814.727,981.457,1950,-814.727,981.457,1200,-39.6967,
651,841.504,969.288,1950,-841.504,969.288,1200,-40.9634,
652,839.785,999.747,1950,-839.785,999.747,1200,-40.0302,
653,851.076,970.899,1950,-851.076,970.899,1200,-41.2373,
654,843.81,968.751,1950,-843.81,968.751,1200,-41.0568,
655,864.556,997.283,1950,-864.556,997.283,1200,-40.9224,
656,895.739,1031.41,1950,-895.739,1031.41,1200,-40.973,
657,824.998,986.644,1950,-824.998,986.644,1200,-39.9012,
658,859.873,1007.78,1950,-859.873,1007.78,1200,-40.4718,
659,824.194,968.512,1950,-824.194,968.512,1200,-40.3975,
660,830.847,994.409,1950,-830.847,994.409,1200,-39.8794,
661,845.25,981.356,1950,-845.25,981.356,1200,-40.7386,
662,1268.13,1094.21,1950,-1268.13,1094.21,1200,-49.2106,
663,831.888,991.345,1950,-831.888,991.345,1200,-40.0017,
664,839.507,981.852,1950,-839.507,981.852,1200,-40.5312,
665,837.884,979.488,1950,-837.884,979.488,1200,-40.5447,
666,814.432,960.26,1950,-814.432,960.26,1200,-40.3025,
667,838.781,947.073,1950,-838.781,947.073,1200,-41.5299,
668,842.657,964.954,1950,-842.657,964.954,1200,-41.1295,
669,842.761,982.478,1950,-842.761,982.478,1200,-40.6227,
670,853.833,983.851,1950,-853.833,983.851,1200,-40.953,
671,866.724,1005.69,1950,-866.724,1005.69,1200,-40.7554,
672,852.337,992.632,1950,-852.337,992.632,1200,-40.6515,
673,833.014,971.551,1950,-833.014,971.551,1200,-40.61,
674,820.058,974.529,1950,-820.058,974.529,1200,-40.0803,
675,847.024,998.628,1950,-847.024,998.628,1200,-40.3042,
676,816.642,984.92,1950,-816.642,984.92,1200,-39.6637,
677,902.003,976.063,1950,-902.003,976.063,1200,-42.7417,
678,838.877,980.409,1950,-838.877,980.409,1200,-40.5516,
679,845.292,993.263,1950,-845.292,993.263,1200,-40.3986,
680,826.751,956.459,1950,-826.751,956.459,1200,-40.8397,
681,807.786,978.341,1950,-807.786,978.341,1200,-39.5454,
682,854.847,961.364,1950,-854.847,961.364,1200,-41.6436,
683,824.838,973.875,1950,-824.838,973.875,1200,-40.2634,
684,859.831,996.121,1950,-859.831,996.121,1200,-40.8001,
685,822.422,978.418,1950,-822.422,978.418,1200,-40.0492,
686,837.262,963.851,1950,-837.262,963.851,1200,-40.9797,
687,849.535,986.824,1950,-849.535,986.824,1200,-40.7244,
688,865.119,980.521,1950,-865.119,980.521,1200,-41.4221,
689,846.034,983.579,1950,-846.034,983.579,1200,-40.7008,
690,832.133,962.732,1950,-832.133,962.732,1200,-40.8383,
691,832.816,963.891,1950,-832.816,963.891,1200,-40.8275,
692,858.492,981.79,1950,-858.492,981.79,1200,-41.1669,
693,861.102,971.898,1950,-861.102,971.898,1200,-41.5409,
694,840.94,994.75,1950,-840.94,994.75,1200,-40.2105,
695,853.526,1004.71,1950,-853.526,1004.71,1200,-40.3487,
696,843.134,956.31,1950,-843.134,956.31,1200,-41.4011,
697,838.204,977.4,1950,-838.204,977.4,1200,-40.6159,
698,856.025,989.942,1950,-856.025,989.942,1200,-40.8507,
699,829.629,945.573,1950,-829.629,945.573,1200,-41.2631,
700,829.684,965.901,1950,-829.684,965.901,1200,-40.6617,
701,868.278,1006.79,1950,-868.278,1006.79,1200,-40.7751,
702,860.946,983.084,1950,-860.946,983.084,1200,-41.2106,
703,851.79,992.568,1950,-851.79,992.568,1200,-40.6351,
704,880.566,987.769,1950,-880.566,987.769,1200,-41.716,
705,843.74,985.09,1950,-843.74,985.09,1200,-40.5804,
706,867.459,992.938,1950,-867.459,992.938,1200,-41.1414,
707,858.973,977.395,1950,-858.973,977.395,1200,-41.3103,
708,854.9,976.799,1950,-854.9,976.799,1200,-41.1926,
709,865.389,999.229,1950,-865.389,999.229,1200,-40.8944,
710,905.199,997.304,1950,-905.199,997.304,1200,-42.2283,
711,854.401,985.26,1950,-854.401,985.26,1200,-40.9313,
712,869.741,995.795,1950,-869.741,995.795,1200,-41.1344,
713,869.346,994.904,1950,-869.346,994.904,1200,-41.1469,
714,858.23,973.366,1950,-858.23,973.366,1200,-41.4031,
715,886.292,977.43,1950,-886.292,977.43,1200,-42.2004,
716,862.321,964.046,1950,-862.321,964.046,1200,-41.812,
717,883.063,989.033,1950,-883.063,989.033,1200,-41.7602,
718,862.614,992.493,1950,-862.614,992.493,1200,-40.9952,
719,846.512,971.76,1950,-846.512,971.76,1200,-41.0595,
720,870.633,1015.24,1950,-870.633,1015.24,1200,-40.6152,
721,889.792,987.244,1950,-889.792,987.244,1200,-42.028,
722,915.245,994.845,1950,-915.245,994.845,1200,-42.6137,
723,858.149,963.665,1950,-858.149,963.665,1200,-41.6852,
724,887.298,1000.33,1950,-887.298,1000.33,1200,-41.5731,
725,871.936,969.077,1950,-871.936,969.077,1200,-41.9796,
726,845.913,954.947,1950,-845.913,954.947,1200,-41.5353,
727,964.77,1013,1950,-964.77,1013,1200,-43.603,
728,852.547,975.071,1950,-852.547,975.071,1200,-41.1646,
729,881.899,977.069,1950,-881.899,977.069,1200,-42.0693,
730,875.271,990.687,1950,-875.271,990.687,1200,-41.4606,
731,928.058,988.761,1950,-928.058,988.761,1200,-43.1861,
732,859.543,1000.1,1950,-859.543,1000.1,1200,-40.6776,
733,888.395,998.938,1950,-888.395,998.938,1200,-41.648,
734,886.608,980.368,1950,-886.608,980.368,1200,-42.125,
735,863.467,978.769,1950,-863.467,978.769,1200,-41.4186,
736,857.724,952.88,1950,-857.724,952.88,1200,-41.9916,
737,873.925,966.348,1950,-873.925,966.348,1200,-42.1249,
738,883.421,984.748,1950,-883.421,984.748,1200,-41.8954,
739,892.202,975.026,1950,-892.202,975.026,1200,-42.4602,
740,855.917,965.571,1950,-855.917,965.571,1200,-41.555,
741,868.193,972.627,1950,-868.193,972.627,1200,-41.7529,
742,928.883,999.681,1950,-928.883,999.681,1200,-42.8976,
743,878.584,962.821,1950,-878.584,962.821,1200,-42.3808,
744,870.224,944.477,1950,-870.224,944.477,1200,-42.6569,
745,894.851,977.831,1950,-894.851,977.831,1200,-42.4628,
746,949.627,982.486,1950,-949.627,982.486,1200,-44.0257,
747,883.276,972.01,1950,-883.276,972.01,1200,-42.2618,
748,874.522,942.428,1950,-874.522,942.428,1200,-42.8596,
749,870.405,906.374,1950,-870.405,906.374,1200,-43.8403,
750,880.291,921.652,1950,-880.291,921.652,1200,-43.6851,
751,967.448,893.112,1950,-967.448,893.112,1200,-47.2879,
752,876.707,821.051,1950,-876.707,821.051,1200,-46.8776,
753,949.414,808.642,1950,-949.414,808.642,1200,-49.5781,
754,868.461,701.127,1950,-868.461,701.127,1200,-51.0853,
755,900.154,681.483,1950,-900.154,681.483,1200,-52.8716,
756,941.87,672.391,1950,-941.87,672.391,1200,-54.4774,
757,896.346,607.873,1950,-896.346,607.873,1200,-55.8562,
758,913.155,552.056,1950,-913.155,552.056,1200,-58.8446,
759,891.597,492.28,1950,-891.597,492.28,1200,-61.0955,
760,898.26,467.114,1950,-898.26,467.114,1200,-62.5246,
761,922.795,443.252,1950,-922.795,443.252,1200,-64.3434,
762,943.666,414.994,1950,-943.666,414.994,1200,-66.2617,
763,937.328,359.127,1950,-937.328,359.127,1200,-69.0362,
764,962.711,303.851,1950,-962.711,303.851,1200,-72.4833,
765,933.592,255.084,1950,-933.592,255.084,1200,-74.7182,
766,987.329,236.369,1950,-987.329,236.369,1200,-76.5367,
767,977.441,192.449,1950,-977.441,192.449,1200,-78.8615,
768,964.925,153.575,1950,-964.925,153.575,1200,-80.9568,
769,1003.14,95.8384,1950,-1003.14,95.8384,1200,-84.5426,
770,980.995,61.0612,1950,-980.995,61.0612,1200,-86.4383,
771,1111.39,-3.03359,1950,-1111.39,-3.03359,1200,-90.1564,
772,1064.78,-27.2333,1950,-1064.78,-27.2333,1200,-91.4651,
773,1060.66,-70.5475,1950,-1060.66,-70.5475,1200,-93.8053,
774,1282.43,-159.408,1950,-1282.43,-159.408,1200,-97.0856,
775,1103.67,-181.216,1950,-1103.67,-181.216,1200,-99.3244,
776,1117.13,-214.552,1950,-1117.13,-214.552,1200,-100.872,
777,1104.34,-244.828,1950,-1104.34,-244.828,1200,-102.5,
778,1084.44,-291.366,1950,-1084.44,-291.366,1200,-105.039,
779,1107.91,-315.98,1950,-1107.91,-315.98,1200,-105.918,
780,1100.38,-352.105,1950,-1100.38,-352.105,1200,-107.744,
781,1073.09,-383.003,1950,-1073.09,-383.003,1200,-109.642,
782,1059.35,-429.202,1950,-1059.35,-429.202,1200,-112.056,
783,1017.27,-450.733,1950,-1017.27,-450.733,1200,-113.897,
784,1025.01,-502.79,1950,-1025.01,-502.79,1200,-116.129,
785,999.418,-539.096,1950,-999.418,-539.096,1200,-118.343,
786,1039.83,-569.323,1950,-1039.83,-569.323,1200,-118.701,
787,1030.05,-632.309,1950,-1030.05,-632.309,1200,-121.544,
788,986.885,-666.697,1950,-986.885,-666.697,1200,-124.041,
789,1006.71,-781.824,1950,-1006.71,-781.824,1200,-127.833,
790,1010.13,-799.357,1950,-1010.13,-799.357,1200,-128.356,
791,1335.27,-932.257,1950,-1335.27,-932.257,1200,-124.922,
792,1078.96,-811.161,1950,-1078.96,-811.161,1200,-126.936,
793,965.289,-845.046,1950,-965.289,-845.046,1200,-131.2,
794,1051.93,-902.847,1950,-1051.93,-902.847,1200,-130.639,
795,1009.8,-892.772,1950,-1009.8,-892.772,1200,-131.48,
796,986.213,-865.743,1950,-986.213,-865.743,1200,-131.278,
797,947.079,-878.448,1950,-947.079,-878.448,1200,-132.847,
798,931.557,-862.481,1950,-931.557,-862.481,1200,-132.795,
799,978.049,-882.094,1950,-978.049,-882.094,1200,-132.047,
800,972.703,-856.863,1950,-972.703,-856.863,1200,-131.377,
801,974.348,-860.639,1950,-974.348,-860.639,1200,-131.454,
802,1012.39,-867.727,1950,-1012.39,-867.727,1200,-130.6,
803,1004.79,-871.566,1950,-1004.79,-871.566,1200,-130.939,
804,1017.93,-886.806,1950,-1017.93,-886.806,1200,-131.062,
805,994.562,-861.729,1950,-994.562,-861.729,1200,-130.907,
806,1060.93,-867.477,1950,-1060.93,-867.477,1200,-129.271,
807,1018.59,-864.35,1950,-1018.59,-864.35,1200,-130.317,
808,1009.19,-852.898,1950,-1009.19,-852.898,1200,-130.202,
809,1023.22,-865.017,1950,-1023.22,-865.017,1200,-130.211,
810,958.181,-783.774,1950,-958.181,-783.774,1200,-129.283,
811,956.718,-794.001,1950,-956.718,-794.001,1200,-129.69,
812,987.051,-844.006,1950,-987.051,-844.006,1200,-130.533,
813,1025.31,-867.206,1950,-1025.31,-867.206,1200,-130.224,
814,978.95,-783.767,1950,-978.95,-783.767,1200,-128.681,
815,997.937,-788.043,1950,-997.937,-788.043,1200,-128.297,
816,991.999,-847.295,1950,-991.999,-847.295,1200,-130.502,
817,1109.81,-855.481,1950,-1109.81,-855.481,1200,-127.626,
818,1069.11,-854.801,1950,-1069.11,-854.801,1200,-128.644,
819,978.149,-799.902,1950,-978.149,-799.902,1200,-129.275,
820,992.21,-778.825,1950,-992.21,-778.825,1200,-128.13,
821,970.513,-766.983,1950,-970.513,-766.983,1200,-128.319,
822,983.609,-781.377,1950,-983.609,-781.377,1200,-128.464,
823,990.851,-821.049,1950,-990.851,-821.049,1200,-129.646,
824,1001.1,-802.86,1950,-1001.1,-802.86,1200,-128.729,
825,919.719,-762.145,1950,-919.719,-762.145,1200,-129.648,
826,1007.6,-789.021,1950,-1007.6,-789.021,1200,-128.064,
827,969.552,-778.584,1950,-969.552,-778.584,1200,-128.766,
828,1005.34,-771.813,1950,-1005.34,-771.813,1200,-127.514,
829,1003.4,-807.688,1950,-1003.4,-807.688,1200,-128.832,
830,1046.21,-884.335,1950,-1046.21,-884.335,1200,-130.207,
831,979.485,-793.372,1950,-979.485,-793.372,1200,-129.007,
832,986.042,-782.499,1950,-986.042,-782.499,1200,-128.435,
833,1024.53,-869.527,1950,-1024.53,-869.527,1200,-130.322,
834,1045.17,-878.752,1950,-1045.17,-878.752,1200,-130.056,
835,1037.7,-804.685,1950,-1037.7,-804.685,1200,-127.792,
836,1287.22,-910.698,1950,-1287.22,-910.698,1200,-125.279,
837,996.822,-809.611,1950,-996.822,-809.611,1200,-129.083,
838,1291.38,-872.11,1950,-1291.38,-872.11,1200,-124.032,
839,1019.52,-860.083,1950,-1019.52,-860.083,1200,-130.152,
840,1079.37,-851.029,1950,-1079.37,-851.029,1200,-128.254,
841,1000.77,-840.967,1950,-1000.77,-840.967,1200,-130.041,
842,970.317,-794.749,1950,-970.317,-794.749,1200,-129.32,
843,972.383,-785.883,1950,-972.383,-785.883,1200,-128.945,
844,1079.36,-836.747,1950,-1079.36,-836.747,1200,-127.784,
845,1005.44,-852.693,1950,-1005.44,-852.693,1200,-130.301,
846,1054.32,-855.515,1950,-1054.32,-855.515,1200,-129.057,
847,965.792,-774.627,1950,-965.792,-774.627,1200,-128.732,
848,997.106,-784.721,1950,-997.106,-784.721,1200,-128.203,
849,981.949,-785.814,1950,-981.949,-785.814,1200,-128.669,
850,1004.86,-861.191,1950,-1004.86,-861.191,1200,-130.597,
851,1013.25,-778.141,1950,-1013.25,-778.141,1200,-127.523,
852,1003.83,-850.272,1950,-1003.83,-850.272,1200,-130.266,
853,1005.78,-811.422,1950,-1005.78,-811.422,1200,-128.895,
854,998.92,-846.72,1950,-998.92,-846.72,1200,-130.286,
855,989.163,-860.496,1950,-989.163,-860.496,1200,-131.021,
856,1027.96,-885.578,1950,-1027.96,-885.578,1200,-130.745,
857,1015.86,-810.081,1950,-1015.86,-810.081,1200,-128.57,
858,1037,-884.212,1950,-1037,-884.212,1200,-130.453,
859,955.607,-794.106,1950,-955.607,-794.106,1200,-129.726,
860,990.829,-852.889,1950,-990.829,-852.889,1200,-130.721,
861,1056.4,-859.815,1950,-1056.4,-859.815,1200,-129.143,
862,1026.05,-864.253,1950,-1026.05,-864.253,1200,-130.108,
863,1004.96,-812.673,1950,-1004.96,-812.673,1200,-128.961,
864,984.889,-889.756,1950,-984.889,-889.756,1200,-132.095,
865,979.954,-810.039,1950,-979.954,-810.039,1200,-129.577,
866,1053.26,-888.296,1950,-1053.26,-888.296,1200,-130.144,
867,1005.06,-868.806,1950,-1005.06,-868.806,1200,-130.841,
868,1013.41,-892.716,1950,-1013.41,-892.716,1200,-131.377,
869,991.702,-803.826,1950,-991.702,-803.826,1200,-129.027,
870,1027.73,-882.472,1950,-1027.73,-882.472,1200,-130.651,
871,1098.85,-896.104,1950,-1098.85,-896.104,1200,-129.197,
872,998.694,-821.93,1950,-998.694,-821.93,1200,-129.455,
873,1364.93,-952.995,1950,-1364.93,-952.995,1200,-124.923,
874,1047.16,-898.525,1950,-1047.16,-898.525,1200,-130.631,
875,1027.22,-896.743,1950,-1027.22,-896.743,1200,-131.12,
876,1000.94,-823.74,1950,-1000.94,-823.74,1200,-129.453,
877,1003.64,-884.242,1950,-1003.64,-884.242,1200,-131.381,
878,964.052,-824.719,1950,-964.052,-824.719,1200,-130.546,
879,1032.23,-887.498,1950,-1032.23,-887.498,1200,-130.688,
880,1011.15,-874.626,1950,-1011.15,-874.626,1200,-130.859,
881,1003.69,-835.527,1950,-1003.69,-835.527,1200,-129.776,
882,1065.22,-919.296,1950,-1065.22,-919.296,1200,-130.795,
883,1025.79,-893.682,1950,-1025.79,-893.682,1200,-131.063,
884,1021.1,-911.283,1950,-1021.1,-911.283,1200,-131.747,
885,1012.88,-878.89,1950,-1012.88,-878.89,1200,-130.949,
886,1011.64,-893.574,1950,-1011.64,-893.574,1200,-131.454,
887,1030.41,-895.723,1950,-1030.41,-895.723,1200,-131,
888,1056.31,-920.057,1950,-1056.31,-920.057,1200,-131.056,
889,1444.73,-968.078,1950,-1444.73,-968.078,1200,-123.825,
890,1014.67,-886.692,1950,-1014.67,-886.692,1200,-131.149,
891,1034.76,-904.909,1950,-1034.76,-904.909,1200,-131.17,
892,1020.84,-888.971,1950,-1020.84,-888.971,1200,-131.05,
893,994.033,-879.296,1950,-994.033,-879.296,1200,-131.495,
894,989.918,-866.625,1950,-989.918,-866.625,1200,-131.201,
895,1053.12,-892.86,1950,-1053.12,-892.86,1200,-130.292,
896,1042.82,-900.483,1950,-1042.82,-900.483,1200,-130.811,
897,1031.52,-911.442,1950,-1031.52,-911.442,1200,-131.464,
898,1021.58,-915.932,1950,-1021.58,-915.932,1200,-131.879,
899,1003.47,-823.887,1950,-1003.47,-823.887,1200,-129.387,
900,988.559,-870.846,1950,-988.559,-870.846,1200,-131.378,
901,1002.77,-875.503,1950,-1002.77,-875.503,1200,-131.124,
902,998.85,-882.146,1950,-998.85,-882.146,1200,-131.45,
903,964.788,-882.966,1950,-964.788,-882.966,1200,-132.464,
904,966.335,-865.232,1950,-966.335,-865.232,1200,-131.84,
905,887.848,-855.775,1950,-887.848,-855.775,1200,-133.946,
906,964.848,-900.793,1950,-964.848,-900.793,1200,-133.034,
907,927.476,-912.661,1950,-927.476,-912.661,1200,-134.539,
908,896.048,-869.302,1950,-896.048,-869.302,1200,-134.132,
909,872.962,-876.551,1950,-872.962,-876.551,1200,-135.118,
910,863.006,-885.728,1950,-863.006,-885.728,1200,-135.744,
911,837.939,-888.294,1950,-837.939,-888.294,1200,-136.671,
912,802.067,-892.774,1950,-802.067,-892.774,1200,-138.064,
913,732.565,-893.864,1950,-732.565,-893.864,1200,-140.664,
914,680.061,-854.747,1950,-680.061,-854.747,1200,-141.493,
915,651.901,-853.449,1950,-651.901,-853.449,1200,-142.626,
916,633.44,-862.957,1950,-633.44,-862.957,1200,-143.72,
917,595.267,-892.053,1950,-595.267,-892.053,1200,-146.285,
918,587.97,-875.825,1950,-587.97,-875.825,1200,-146.125,
919,559.264,-865.499,1950,-559.264,-865.499,1200,-147.13,
920,581.406,-916.736,1950,-581.406,-916.736,1200,-147.617,
921,456.771,-879.695,1950,-456.771,-879.695,1200,-152.56,
922,418.111,-871.289,1950,-418.111,-871.289,1200,-154.365,
923,390.379,-879.805,1950,-390.379,-879.805,1200,-156.073,
924,345.755,-874.331,1950,-345.755,-874.331,1200,-158.424,
925,294.008,-860.194,1950,-294.008,-860.194,1200,-161.13,
926,268.819,-890.896,1950,-268.819,-890.896,1200,-163.209,
927,211.641,-873.38,1950,-211.641,-873.38,1200,-166.378,
928,189.822,-882.693,1950,-189.822,-882.693,1200,-167.863,
929,144.043,-878.486,1950,-144.043,-878.486,1200,-170.688,
930,99.0395,-879.081,1950,-99.0395,-879.081,1200,-173.572,
931,39.2554,-867.654,1950,-39.2554,-867.654,1200,-177.41,
932,15.3958,-874.596,1950,-15.3958,-874.596,1200,-178.991,
933,-27.1897,-866.955,1950,27.1897,-866.955,1200,178.204,
934,-73.1226,-879.427,1950,73.1226,-879.427,1200,175.247,
935,-123.638,-876.818,1950,123.638,-876.818,1200,171.974,
936,-170.004,-848.05,1950,170.004,-848.05,1200,168.664,
937,-198.838,-847.259,1950,198.838,-847.259,1200,166.793,
938,-265.998,-826.65,1950,265.998,-826.65,1200,162.163,
939,-296.722,-829.117,1950,296.722,-829.117,1200,160.309,
940,-364.957,-836.162,1950,364.957,-836.162,1200,156.42,
941,-377.685,-819.717,1950,377.685,-819.717,1200,155.262,
942,-439.472,-793.575,1950,439.472,-793.575,1200,151.023,
943,-476.512,-705.87,1950,476.512,-705.87,1200,145.978,
944,-560.745,-776.844,1950,560.745,-776.844,1200,144.177,
945,-558.486,-711.604,1950,558.486,-711.604,1200,141.874,
946,-582.611,-703.65,1950,582.611,-703.65,1200,140.376,
947,-636.789,-735.644,1950,636.789,-735.644,1200,139.12,
948,-689.64,-782.677,1950,689.64,-782.677,1200,138.616,
949,-780.436,-833.527,1950,780.436,-833.527,1200,136.884,
950,-818.726,-825.655,1950,818.726,-825.655,1200,135.241,
951,-828.291,-832.868,1950,828.291,-832.868,1200,135.158,
952,-849.526,-854.713,1950,849.526,-854.713,1200,135.174,
953,-840.46,-875.342,1950,840.46,-875.342,1200,136.165,
954,-882.839,-869.977,1950,882.839,-869.977,1200,134.58,
955,-913.539,-893.926,1950,913.539,-893.926,1200,134.378,
956,-913.985,-888.891,1950,913.985,-888.891,1200,134.203,
957,-912.771,-906.545,1950,912.771,-906.545,1200,134.804,
958,-925.658,-899.233,1950,925.658,-899.233,1200,134.17,
959,-962.253,-888.513,1950,962.253,-888.513,1200,132.718,
960,-982.965,-887.503,1950,982.965,-887.503,1200,132.078,
961,-908.466,-788.061,1950,908.466,-788.061,1200,130.94,
962,-966.445,-869.441,1950,966.445,-869.441,1200,131.975,
963,-1005.39,-874.537,1950,1005.39,-874.537,1200,131.018,
964,-1011.48,-849.635,1950,1011.48,-849.635,1200,130.03,
965,-1016.89,-857.225,1950,1016.89,-857.225,1200,130.13,
966,-995.098,-788.111,1950,995.098,-788.111,1200,128.379,
967,-988.106,-830.167,1950,988.106,-830.167,1200,130.036,
968,-1044.15,-843.024,1950,1044.15,-843.024,1200,128.917,
969,-975.952,-771.247,1950,975.952,-771.247,1200,128.318,
970,-986.286,-779.362,1950,986.286,-779.362,1200,128.316,
971,-1030.81,-853.859,1950,1030.81,-853.859,1200,129.636,
972,-995.349,-859.545,1950,995.349,-859.545,1200,130.813,
973,-974.484,-769.512,1950,974.484,-769.512,1200,128.297,
974,-1015.95,-875.095,1950,1015.95,-875.095,1200,130.74,
975,-996.351,-799.965,1950,996.351,-799.965,1200,128.761,
976,-994.12,-880.655,1950,994.12,-880.655,1200,131.537,
977,-974.415,-782.885,1950,974.415,-782.885,1200,128.78,
978,-984.923,-838.623,1950,984.923,-838.623,1200,130.413,
979,-995.015,-805.966,1950,995.015,-805.966,1200,129.008,
980,-990.273,-857.799,1950,990.273,-857.799,1200,130.9,
981,-974.32,-825.355,1950,974.32,-825.355,1200,130.268,
982,-1001.16,-868.219,1950,1001.16,-868.219,1200,130.932,
983,-957.704,-789.071,1950,957.704,-789.071,1200,129.486,
984,-990.712,-855.89,1950,990.712,-855.89,1200,130.824,
985,-996.617,-844.657,1950,996.617,-844.657,1200,130.282,
986,-969.823,-776.211,1950,969.823,-776.211,1200,128.673,
987,-948.003,-778.921,1950,948.003,-778.921,1200,129.408,
988,-967.509,-786.672,1950,967.509,-786.672,1200,129.114,
989,-985.2,-794.224,1950,985.2,-794.224,1200,128.874,
990,-999.224,-857.611,1950,999.224,-857.611,1200,130.639,
991,-974.51,-847.462,1950,974.51,-847.462,1200,131.011,
992,-1023.25,-818.503,1950,1023.25,-818.503,1200,128.657,
993,-980.639,-807.96,1950,980.639,-807.96,1200,129.486,
994,-968.869,-788.808,1950,968.869,-788.808,1200,129.151,
995,-978.533,-771.809,1950,978.533,-771.809,1200,128.264,
996,-952.532,-770.57,1950,952.532,-770.57,1200,128.972,
997,-988.256,-838.347,1950,988.256,-838.347,1200,130.308,
998,-966.264,-767.178,1950,966.264,-767.178,1200,128.448,
999,-1001.05,-853.74,1950,1001.05,-853.74,1200,130.459,
1000,-978.998,-788.402,1950,978.998,-788.402,1200,128.845,
1001,-1006.14,-862.325,1950,1006.14,-862.325,1200,130.599,
1002,-1033.72,-854.521,1950,1033.72,-854.521,1200,129.579,
1003,-975.62,-790.383,1950,975.62,-790.383,1200,129.012,
1004,-988.444,-786.964,1950,988.444,-786.964,1200,128.526,
1005,-996.617,-847.086,1950,996.617,-847.086,1200,130.363,
1006,-1034.09,-847.517,1950,1034.09,-847.517,1200,129.337,
1007,-1017.74,-863.165,1950,1017.74,-863.165,1200,130.302,
1008,-989.156,-779.033,1950,989.156,-779.033,1200,128.223,
1009,-975.994,-850.845,1950,975.994,-850.845,1200,131.081,
1010,-1068.48,-862.919,1950,1068.48,-862.919,1200,128.925,
1011,-986.195,-760.568,1950,986.195,-760.568,1200,127.64,
1012,-1009.65,-781.486,1950,1009.65,-781.486,1200,127.74,
1013,-1027.2,-861.268,1950,1027.2,-861.268,1200,129.979,
1014,-1014.64,-867.481,1950,1014.64,-867.481,1200,130.529,
1015,-1026.17,-869.851,1950,1026.17,-869.851,1200,130.287,
1016,-996.333,-844.608,1950,996.333,-844.608,1200,130.288,
1017,-988.683,-787.545,1950,988.683,-787.545,1200,128.539,
1018,-1011.64,-848.501,1950,1011.64,-848.501,1200,129.988,
1019,-951.158,-775.995,1950,951.158,-775.995,1200,129.209,
1020,-959.093,-776.276,1950,959.093,-776.276,1200,128.986,
1021,-998.995,-878.033,1950,998.995,-878.033,1200,131.313,
1022,-952.887,-764.697,1950,952.887,-764.697,1200,128.747,
1023,-1000.11,-832.79,1950,1000.11,-832.79,1200,129.784,
1024,-966.536,-780.139,1950,966.536,-780.139,1200,128.909,
1025,-983.195,-785.199,1950,983.195,-785.199,1200,128.612,
1026,-994.918,-865.067,1950,994.918,-865.067,1200,131.006,
1027,-1024.62,-871.289,1950,1024.62,-871.289,1200,130.376,
1028,-1030.42,-854.621,1950,1030.42,-854.621,1200,129.672,
1029,-1037.8,-860.005,1950,1037.8,-860.005,1200,129.648,
1030,-979.922,-772.42,1950,979.922,-772.42,1200,128.247,
1031,-958.52,-776.494,1950,958.52,-776.494,1200,129.011,
1032,-994.512,-860.172,1950,994.512,-860.172,1200,130.857,
1033,-1073.41,-870.588,1950,1073.41,-870.588,1200,129.044,
1034,-1021.87,-874.255,1950,1021.87,-874.255,1200,130.549,
1035,-1006.11,-852.052,1950,1006.11,-852.052,1200,130.261,
1036,-992.602,-882.103,1950,992.602,-882.103,1200,131.627,
1037,-1001.8,-806.82,1950,1001.8,-806.82,1200,128.847,
1038,-983.451,-834.897,1950,983.451,-834.897,1200,130.329,
1039,-961.858,-785.9,1950,961.858,-785.9,1200,129.251,
1040,-991.748,-852.366,1950,991.748,-852.366,1200,130.678,
1041,-994.277,-858.002,1950,994.277,-858.002,1200,130.792,
1042,-981.19,-784.364,1950,981.19,-784.364,1200,128.639,
1043,-997.817,-848.281,1950,997.817,-848.281,1200,130.369,
1044,-987.969,-799.595,1950,987.969,-799.595,1200,128.984,
1045,-970.713,-794.006,1950,970.713,-794.006,1200,129.282,
1046,-967.775,-770.556,1950,967.775,-770.556,1200,128.527,
1047,-963.919,-795.698,1950,963.919,-795.698,1200,129.539,
1048,-1029.49,-843.448,1950,1029.49,-843.448,1200,129.327,
1049,-1030.45,-859.759,1950,1030.45,-859.759,1200,129.84,
1050,-964.932,-763.011,1950,964.932,-763.011,1200,128.335,
1051,-966.548,-782.372,1950,966.548,-782.372,1200,128.988,
1052,-968.339,-779.813,1950,968.339,-779.813,1200,128.845,
1053,-1000.44,-879.146,1950,1000.44,-879.146,1200,131.308,
1054,-1004.81,-853.031,1950,1004.81,-853.031,1200,130.329,
1055,-993.82,-853.535,1950,993.82,-853.535,1200,130.657,
1056,-996.848,-856.368,1950,996.848,-856.368,1200,130.665,
1057,-1022.44,-878.717,1950,1022.44,-878.717,1200,130.677,
1058,-1039.56,-849.42,1950,1039.56,-849.42,1200,129.252,
1059,-1020.64,-851.339,1950,1020.64,-851.339,1200,129.832,
1060,-1060.97,-863.794,1950,1060.97,-863.794,1200,129.151,
1061,-1038.22,-867.56,1950,1038.22,-867.56,1200,129.883,
1062,-1020.55,-844.568,1950,1020.55,-844.568,1200,129.61,
1063,-1018.42,-856.562,1950,1018.42,-856.562,1200,130.066,
1064,-1007.31,-848.184,1950,1007.31,-848.184,1200,130.098,
1065,-1010.19,-838.102,1950,1010.19,-838.102,1200,129.681,
1066,-939.404,-733.965,1950,939.404,-733.965,1200,128.001,
1067,-934.426,-696.185,1950,934.426,-696.185,1200,126.688,
1068,-982.39,-723.932,1950,982.39,-723.932,1200,126.387,
1069,-943.943,-627.109,1950,943.943,-627.109,1200,123.598,
1070,-956.344,-582.36,1950,956.344,-582.36,1200,121.339,
1071,-934.08,-525.397,1950,934.08,-525.397,1200,119.357,
1072,-956.532,-481.45,1950,956.532,-481.45,1200,116.717,
1073,-919.036,-422.604,1950,919.036,-422.604,1200,114.695,
1074,-965.008,-384.861,1950,965.008,-384.861,1200,111.743,
1075,-974.851,-337.542,1950,974.851,-337.542,1200,109.098,
1076,-937.466,-296.605,1950,937.466,-296.605,1200,107.557,
1077,-977.793,-257.872,1950,977.793,-257.872,1200,104.774,
1078,-965.872,-216.459,1950,965.872,-216.459,1200,102.632,
1079,-1049.09,-182.425,1950,1049.09,-182.425,1200,99.8645,
1080,-1014.67,-120.639,1950,1014.67,-120.639,1200,96.7803,
1081,-967.14,-125.999,1950,967.14,-125.999,1200,97.4227,
1082,-1018.16,-99.1638,1950,1018.16,-99.1638,1200,95.5628,
1083,-1013.95,-48.113,1950,1013.95,-48.113,1200,92.7167,
1084,-1044.28,-18.3828,1950,1044.28,-18.3828,1200,91.0085,
1085,-1010.09,14.1535,1950,1010.09,14.1535,1200,89.1972,
1086,-994.394,39.3938,1950,994.394,39.3938,1200,87.7314,
1087,-1024.44,66.84,1950,1024.44,66.84,1200,86.267,
1088,-1057.95,112.751,1950,1057.95,112.751,1200,83.9166,
1089,-1102.69,190.956,1950,1102.69,190.956,1200,80.1754,
1090,-1244.68,240.366,1950,1244.68,240.366,1200,79.0699,
1091,-1105.25,264.911,1950,1105.25,264.911,1200,76.5214,
1092,-1107.09,284.287,1950,1107.09,284.287,1200,75.5983,
1093,-1232.32,336.983,1950,1232.32,336.983,1200,74.7061,
1094,-1188.83,386.649,1950,1188.83,386.649,1200,71.9837,
1095,-1185.82,424.494,1950,1185.82,424.494,1200,70.3039,
1096,-1337.13,477.665,1950,1337.13,477.665,1200,70.3417,
1097,-1207.85,499.693,1950,1207.85,499.693,1200,67.5249,
1098,-1118.24,499.129,1950,1118.24,499.129,1200,65.9463,
1099,-1148.4,572.834,1950,1148.4,572.834,1200,63.4895,
1100,-1400.01,703.981,1950,1400.01,703.981,1200,63.3048,
1101,-1106.96,693.64,1950,1106.96,693.64,1200,57.9281,
1102,-1105.14,712.227,1950,1105.14,712.227,1200,57.1996,
1103,-1106.96,779.491,1950,1106.96,779.491,1200,54.8479,
1104,-989.489,755.977,1950,989.489,755.977,1200,52.6199,
1105,-1090.24,830.815,1950,1090.24,830.815,1200,52.6908,
1106,-1103.12,919.063,1950,1103.12,919.063,1200,50.2007,
1107,-1039.59,924.851,1950,1039.59,924.851,1200,48.3427,
1108,-1022.72,983.194,1950,1022.72,983.194,1200,46.129,
1109,-987.972,974.148,1950,987.972,974.148,1200,45.4037,
1110,-987.205,968.792,1950,987.205,968.792,1200,45.5393,
1111,-1305.52,1107.88,1950,1305.52,1107.88,1200,49.6817,
1112,-939.204,1009.66,1950,939.204,1009.66,1200,42.9294,
1113,-866.091,972.925,1950,866.091,972.925,1200,41.6753,
1114,-845.569,1016.36,1950,845.569,1016.36,1200,39.7591,
1115,-924.583,1021.45,1950,924.583,1021.45,1200,42.1504,
1116,-814.448,999.771,1950,814.448,999.771,1200,39.1675,
1117,-871.247,1051.44,1950,871.247,1051.44,1200,39.6458,
1118,-811.878,994.261,1950,811.878,994.261,1200,39.2338,
1119,-851.948,1018.06,1950,851.948,1018.06,1200,39.9237,
1120,-899.496,1005.6,1950,899.496,1005.6,1200,41.8122,
1121,-891.127,1008.56,1950,891.127,1008.56,1200,41.4626,
1122,-881.7,1036.33,1950,881.7,1036.33,1200,40.3908,
1123,-897.731,1000.07,1950,897.731,1000.07,1200,41.9134,
1124,-931.715,990.076,1950,931.715,990.076,1200,43.2606,
1125,-954.706,1008.33,1950,954.706,1008.33,1200,43.4352,
1126,-1044.3,995.55,1950,1044.3,995.55,1200,46.3689,
1127,-982.093,984.048,1950,982.093,984.048,1200,44.943,
1128,-984.134,969.092,1950,984.134,969.092,1200,45.4412,
1129,-960.444,949.67,1950,960.444,949.67,1200,45.3232,
1130,-998.7,974.442,1950,998.7,974.442,1200,45.7043,
1131,-980.666,944.473,1950,980.666,944.473,1200,46.077,
1132,-1098.59,978.434,1950,1098.59,978.434,1200,48.311,
1133,-1009.05,953.59,1950,1009.05,953.59,1200,46.6186,
1134,-1001.16,942.866,1950,1001.16,942.866,1200,46.7177,
1135,-973.771,945.279,1950,973.771,945.279,1200,45.8506,
1136,-981.086,941.204,1950,981.086,941.204,1200,46.1886,
1137,-989.985,940.623,1950,989.985,940.623,1200,46.4646,
1138,-993.135,940.169,1950,993.135,940.169,1200,46.5693,
1139,-1014.85,957.34,1950,1014.85,957.34,1200,46.6703,
1140,-1001.15,959.14,1950,1001.15,959.14,1200,46.2278,
1141,-1012.22,944.158,1950,1012.22,944.158,1200,46.9926,
1142,-1026.41,959.69,1950,1026.41,959.69,1200,46.9241,
1143,-1043.42,947.123,1950,1043.42,947.123,1200,47.7697,
1144,-1010.85,942.513,1950,1010.85,942.513,1200,47.0035,
1145,-1018.49,956.795,1950,1018.49,956.795,1200,46.7891,
1146,-997.646,924.558,1950,997.646,924.558,1200,47.1775,
1147,-1022.16,948.994,1950,1022.16,948.994,1200,47.1258,
1148,-1041.13,940.812,1950,1041.13,940.812,1200,47.8976,
1149,-1030.25,939.112,1950,1030.25,939.112,1200,47.6496,
1150,-1081.51,988.231,1950,1081.51,988.231,1200,47.5804,
1151,-1015.06,951.959,1950,1015.06,951.959,1200,46.8374,
1152,-1085.44,978.697,1950,1085.44,978.697,1200,47.9603,
1153,-1110.68,984.928,1950,1110.68,984.928,1200,48.4341,
1154,-1016.65,928.504,1950,1016.65,928.504,1200,47.5946,
1155,-1044.9,935.8,1950,1044.9,935.8,1200,48.1529,
1156,-1061.63,975.094,1950,1061.63,975.094,1200,47.4328,
1157,-1009.97,936.544,1950,1009.97,936.544,1200,47.1602,
1158,-1025.02,953.024,1950,1025.02,953.024,1200,47.0844,
1159,-1031.4,946.623,1950,1031.4,946.623,1200,47.4541,
1160,-1006,929.846,1950,1006,929.846,1200,47.2527,
1161,-1011.26,948.038,1950,1011.26,948.038,1200,46.8482,
1162,-1002.96,935.249,1950,1002.96,935.249,1200,47.0009,
1163,-1003.01,935.395,1950,1003.01,935.395,1200,46.9978,
1164,-1048.81,984.813,1950,1048.81,984.813,1200,46.8026,
1165,-1042.23,973.667,1950,1042.23,973.667,1200,46.948,
1166,-1015.39,936.177,1950,1015.39,936.177,1200,47.3244,
1167,-1008.39,934.128,1950,1008.39,934.128,1200,47.1893,
1168,-1007.9,942.566,1950,1007.9,942.566,1200,46.9186,
1169,-1008.22,931.891,1950,1008.22,931.891,1200,47.2529,
1170,-1002.42,939.388,1950,1002.42,939.388,1200,46.8591,
1171,-1019.04,926.495,1950,1019.04,926.495,1200,47.7234,
1172,-1007.46,943.994,1950,1007.46,943.994,1200,46.8626,
1173,-1031.63,963.245,1950,1031.63,963.245,1200,46.9634,
1174,-989.46,940.252,1950,989.46,940.252,1200,46.4608,
1175,-995.376,950.793,1950,995.376,950.793,1200,46.3123,
1176,-1030.96,938.468,1950,1030.96,938.468,1200,47.6889,
1177,-1049.25,953.582,1950,1049.25,953.582,1200,47.7347,
1178,-1034.37,969.247,1950,1034.37,969.247,1200,46.8615,
1179,-1025.61,928.22,1950,1025.61,928.22,1200,47.8537,
1180,-1038.61,973.035,1950,1038.61,973.035,1200,46.867,
1181,-1007.08,917.659,1950,1007.08,917.659,1200,47.6599,
1182,-1014.71,941.528,1950,1014.71,941.528,1200,47.1425,
1183,-1050.04,970.157,1950,1050.04,970.157,1200,47.2643,
1184,-1028.68,951.1,1950,1028.68,951.1,1200,47.244,
1185,-1057.85,957.341,1950,1057.85,957.341,1200,47.8554,
1186,-1077.48,960.364,1950,1077.48,960.364,1200,48.2892,
1187,-1024.76,953.573,1950,1024.76,953.573,1200,47.0609,
1188,-1015.58,961.402,1950,1015.58,961.402,1200,46.5699,
1189,-1023.91,952.984,1950,1023.91,952.984,1200,47.0547,
1190,-1038.54,955.922,1950,1038.54,955.922,1200,47.3721,
1191,-1009.72,932.268,1950,1009.72,932.268,1200,47.284,
1192,-1015.73,931.09,1950,1015.73,931.09,1200,47.4895,
1193,-1016.28,952.514,1950,1016.28,952.514,1200,46.855,
1194,-980.849,936.898,1950,980.849,936.898,1200,46.3129,
1195,-1043.1,919.647,1950,1043.1,919.647,1200,48.599,
1196,-1018.59,959.289,1950,1018.59,959.289,1200,46.7172,
1197,-1000.19,944.169,1950,1000.19,944.169,1200,46.6503,
1198,-1006.58,935.856,1950,1006.58,935.856,1200,47.0851,
1199,-1058.55,958.117,1950,1058.55,958.117,1200,47.8511,
1200,-1042.79,959.693,1950,1042.79,959.693,1200,47.3762,
1201,-1038.83,945.008,1950,1038.83,945.008,1200,47.7077,
1202,-1006.21,928.772,1950,1006.21,928.772,1200,47.2918,
1203,-1018.47,929.34,1950,1018.47,929.34,1200,47.6199,
1204,-1013.33,929.552,1950,1013.33,929.552,1200,47.4692,
1205,-1018.49,939.081,1950,1018.49,939.081,1200,47.323,
1206,-1038.46,948.307,1950,1038.46,948.307,1200,47.5982,
1207,-1101.04,933.662,1950,1101.04,933.662,1200,49.7027,
1208,-999.112,927.585,1950,999.112,927.585,1200,47.1261,
1209,-1013.44,949.423,1950,1013.44,949.423,1200,46.868,
1210,-1058.11,968.65,1950,1058.11,968.65,1200,47.5273,
1211,-1014.74,937.339,1950,1014.74,937.339,1200,47.2705,
1212,-1017.1,931.53,1950,1017.1,931.53,1200,47.5145,
1213,-999.447,957.55,1950,999.447,957.55,1200,46.2264,
1214,-1009.35,942.546,1950,1009.35,942.546,1200,46.9601,
1215,-1054.95,951.296,1950,1054.95,951.296,1200,47.9577,
1216,-1013.52,937.92,1950,1013.52,937.92,1200,47.2185,
1217,-1055.78,958.109,1950,1055.78,958.109,1200,47.7767,
1218,-1286.6,1018.57,1950,1286.6,1018.57,1200,51.6322,
1219,-1248.35,1025.78,1950,1248.35,1025.78,1200,50.5899,
1220,-1021.05,949.556,1950,1021.05,949.556,1200,47.0778,
1221,-986.738,956.034,1950,986.738,956.034,1200,45.9054,
1222,-1012.05,945.943,1950,1012.05,945.943,1200,46.9338,
1223,-976.389,869.392,1950,976.389,869.392,1200,48.3176,
1224,-973.674,941.33,1950,973.674,941.33,1200,45.9676,
1225,-968.009,927.862,1950,968.009,927.862,1200,46.2131,
1226,-944.555,902.954,1950,944.555,902.954,1200,46.2899,
1227,-958.5,927.792,1950,958.5,927.792,1200,45.9327,
1228,-949.667,944.246,1950,949.667,944.246,1200,45.164,
1229,-908.74,968.65,1950,908.74,968.65,1200,43.1722,
1230,-862.096,950.67,1950,862.096,950.67,1200,42.2027,
1231,-872.304,914.009,1950,872.304,914.009,1200,43.6625,
1232,-761.242,967.391,1950,761.242,967.391,1200,38.1993,
1233,-691.445,962.248,1950,691.445,962.248,1200,35.7,
1234,-647.653,950.384,1950,647.653,950.384,1200,34.273,
1235,-572.033,948.539,1950,572.033,948.539,1200,31.0928,
1236,-546.599,951.846,1950,546.599,951.846,1200,29.8667,
1237,-495.83,926.913,1950,495.83,926.913,1200,28.1435,
1238,-450.285,935.343,1950,450.285,935.343,1200,25.7067,
1239,-460.621,983.956,1950,460.621,983.956,1200,25.0858,
1240,-338.425,929.76,1950,338.425,929.76,1200,20.0011,
1241,-293.95,949.77,1950,293.95,949.77,1200,17.1971,
1242,-253.074,971.032,1950,253.074,971.032,1200,14.6077,
1243,-213.122,985.288,1950,213.122,985.288,1200,12.2053,
1244,-137.553,934.891,1950,137.553,934.891,1200,8.37005,
1245,-89.5798,960.299,1950,89.5798,960.299,1200,5.32931,
1246,-10.6101,956.562,1950,10.6101,956.562,1200,0.635495,
1247,58.2201,961.556,1950,-58.2201,961.556,1200,-3.4649,
1248,129.91,956.677,1950,-129.91,956.677,1200,-7.73308,
1249,162.811,964.873,1950,-162.811,964.873,1200,-9.5778,
1250,211.767,970.772,1950,-211.767,970.772,1200,-12.3059,
1251,261.122,997.669,1950,-261.122,997.669,1200,-14.6671,
1252,313.279,959.663,1950,-313.279,959.663,1200,-18.0791,
1253,346.901,968.072,1950,-346.901,968.072,1200,-19.7148,
1254,427.731,984.874,1950,-427.731,984.874,1200,-23.4753,
1255,428.608,965.141,1950,-428.608,965.141,1200,-23.9455,
1256,523.625,964.638,1950,-523.625,964.638,1200,-28.494,
1257,552.821,938.616,1950,-552.821,938.616,1200,-30.497,
1258,580.23,909.019,1950,-580.23,909.019,1200,-32.5502,
1259,651.933,940.533,1950,-651.933,940.533,1200,-34.7279,
1260,693.202,954.201,1950,-693.202,954.201,1200,-35.9974,
1261,764.482,952.853,1950,-764.482,952.853,1200,-38.7404,
1262,752.878,892.492,1950,-752.878,892.492,1200,-40.1499,
1263,894.894,972.194,1950,-894.894,972.194,1200,-42.6292,
1264,881.49,956.337,1950,-881.49,956.337,1200,-42.6679,
1265,877.601,967.782,1950,-877.601,967.782,1200,-42.2023,
1266,862.34,885.518,1950,-862.34,885.518,1200,-44.2403,
1267,855.285,905.877,1950,-855.285,905.877,1200,-43.3545,
1268,915.999,883.103,1950,-915.999,883.103,1200,-46.0475,
1269,868.301,950.009,1950,-868.301,950.009,1200,-42.4271,
1270,858.852,890.145,1950,-858.852,890.145,1200,-43.975,
1271,842.718,948.517,1950,-842.718,948.517,1200,-41.6198,
1272,840.481,894.576,1950,-840.481,894.576,1200,-43.2142,
1273,854.672,954.735,1950,-854.672,954.735,1200,-41.8347,
1274,871.975,962.687,1950,-871.975,962.687,1200,-42.1694,
1275,889.249,971.145,1950,-889.249,971.145,1200,-42.4794,
1276,869.779,943.426,1950,-869.779,943.426,1200,-42.6741,
1277,891.897,971.748,1950,-891.897,971.748,1200,-42.5466,
1278,890.635,979.122,1950,-890.635,979.122,1200,-42.2905,
1279,920.71,1002.65,1950,-920.71,1002.65,1200,-42.5604,
1280,934.512,1009.18,1950,-934.512,1009.18,1200,-42.8001,
1281,956.341,976.977,1950,-956.341,976.977,1200,-44.3885,
1282,965.575,1044.51,1950,-965.575,1044.51,1200,-42.7511,
1283,926.832,976.605,1950,-926.832,976.605,1200,-43.5021,
1284,998.018,1050.41,1950,-998.018,1050.41,1200,-43.5348,
1285,969.946,992.454,1950,-969.946,992.454,1200,-44.3429,
1286,1013.02,1009.62,1950,-1013.02,1009.62,1200,-45.0965,
1287,903.605,971.524,1950,-903.605,971.524,1200,-42.9256,
1288,967.246,1016.28,1950,-967.246,1016.28,1200,-43.5839,
1289,913.559,952.865,1950,-913.559,952.865,1200,-43.7935,
1290,883.024,948.006,1950,-883.024,948.006,1200,-42.9675,
1291,891.364,971.377,1950,-891.364,971.377,1200,-42.5404,
1292,945.716,1004.08,1950,-945.716,1004.08,1200,-43.2854,
1293,917.548,999.022,1950,-917.548,999.022,1200,-42.5658,
1294,931.059,977.46,1950,-931.059,977.46,1200,-43.6073,
1295,893.429,962.15,1950,-893.429,962.15,1200,-42.8791,
1296,932.5,997.319,1950,-932.5,997.319,1200,-43.0763,
1297,911.952,984.736,1950,-911.952,984.736,1200,-42.8024,
1298,836.879,919.433,1950,-836.879,919.433,1200,-42.3088,
1299,985.005,991.844,1950,-985.005,991.844,1200,-44.8018,
1300,894.804,984.644,1950,-894.804,984.644,1200,-42.2633,
1301,929.04,987.822,1950,-929.04,987.822,1200,-43.2435,
1302,921.324,993.81,1950,-921.324,993.81,1200,-42.8324,
1303,864.15,947.635,1950,-864.15,947.635,1200,-42.3617,
1304,900.77,983.003,1950,-900.77,983.003,1200,-42.5004,
1305,889.495,990.194,1950,-889.495,990.194,1200,-41.9335,
1306,914.82,1011.24,1950,-914.82,1011.24,1200,-42.1341,
1307,942.645,1009.74,1950,-942.645,1009.74,1200,-43.0319,
1308,859.109,947.16,1950,-859.109,947.16,1200,-42.2092,
1309,981.082,994.409,1950,-981.082,994.409,1200,-44.6135,
1310,894.561,970.109,1950,-894.561,970.109,1200,-42.6799,
1311,916.744,992.583,1950,-916.744,992.583,1200,-42.7254,
1312,898.106,1007.73,1950,-898.106,1007.73,1200,-41.708,
1313,924.297,1035.9,1950,-924.297,1035.9,1200,-41.7415,
1314,937.929,1015.94,1950,-937.929,1015.94,1200,-42.7135,
1315,893.84,971.277,1950,-893.84,971.277,1200,-42.6225,
1316,913.114,980.487,1950,-913.114,980.487,1200,-42.9623,
1317,943.358,1020.88,1950,-943.358,1020.88,1200,-42.74,
1318,1043.7,975.225,1950,-1043.7,975.225,1200,-46.9425,
1319,929.31,1005.25,1950,-929.31,1005.25,1200,-42.7521,
1320,913.359,1027.36,1950,-913.359,1027.36,1200,-41.6382,
1321,892.748,982.494,1950,-892.748,982.494,1200,-42.26,
1322,885.894,962.71,1950,-885.894,962.71,1200,-42.6205,
1323,928.609,1034.6,1950,-928.609,1034.6,1200,-41.9098,
1324,878.594,942.076,1950,-878.594,942.076,1200,-43.0031,
1325,956.146,1041.65,1950,-956.146,1041.65,1200,-42.5493,
1326,934.956,1024.82,1950,-934.956,1024.82,1200,-42.3745,
1327,899.434,1031.89,1950,-899.434,1031.89,1200,-41.0767,
1328,958.514,992.373,1950,-958.514,992.373,1200,-44.0057,
1329,900.9,989.997,1950,-900.9,989.997,1200,-42.3023,
1330,894.422,980.567,1950,-894.422,980.567,1200,-42.3694,
1331,948.289,1021.45,1950,-948.289,1021.45,1200,-42.873,
1332,905.684,1003.38,1950,-905.684,1003.38,1200,-42.0704,
1333,915.378,968.318,1950,-915.378,968.318,1200,-43.3902,
1334,912.189,991.03,1950,-912.189,991.03,1200,-42.6279,
1335,904.09,947.885,1950,-904.09,947.885,1200,-43.6453,
1336,936.76,1040.78,1950,-936.76,1040.78,1200,-41.9889,
1337,897.765,989.1,1950,-897.765,989.1,1200,-42.2287,
1338,941.967,1005.59,1950,-941.967,1005.59,1200,-43.129,
1339,982.105,1005.5,1950,-982.105,1005.5,1200,-44.3256,
1340,847.972,944.468,1950,-847.972,944.468,1200,-41.9185,
1341,926.991,968.889,1950,-926.991,968.889,1200,-43.734,
1342,941.578,1001.78,1950,-941.578,1001.78,1200,-43.2258,
1343,914.67,992.823,1950,-914.67,992.823,1200,-42.6538,
1344,885.462,961.977,1950,-885.462,961.977,1200,-42.6284,
1345,970.068,1011.62,1950,-970.068,1011.62,1200,-43.7989,
1346,868.026,967.461,1950,-868.026,967.461,1200,-41.8991,
1347,994.992,1008.9,1950,-994.992,1008.9,1200,-44.6023,
1348,979.116,996.743,1950,-979.116,996.743,1200,-44.4889,
1349,838.589,905.543,1950,-838.589,905.543,1200,-42.8016,
1350,909.289,1001.73,1950,-909.289,1001.73,1200,-42.2306,
1351,863.318,944.312,1950,-863.318,944.312,1200,-42.4345,
1352,875.971,989.615,1950,-875.971,989.615,1200,-41.5141,
1353,889.512,990.875,1950,-889.512,990.875,1200,-41.9144,
1354,861.365,959.037,1950,-861.365,959.037,1200,-41.9288,
1355,857.182,946.182,1950,-857.182,946.182,1200,-42.1746,
1356,1140.98,1057.7,1950,-1140.98,1057.7,1200,-47.169,
1357,904.744,1010.96,1950,-904.744,1010.96,1200,-41.8266,
1358,874.755,987.722,1950,-874.755,987.722,1200,-41.529,
1359,902.538,998.058,1950,-902.538,998.058,1200,-42.1229,
1360,902.172,997.605,1950,-902.172,997.605,1200,-42.1243,
1361,895.475,983.334,1950,-895.475,983.334,1200,-42.3226,
1362,879.131,1043.14,1950,-879.131,1043.14,1200,-40.1234,
1363,899.327,1007.35,1950,-899.327,1007.35,1200,-41.7573,
1364,886.719,987.484,1950,-886.719,987.484,1200,-41.9225,
1365,887.765,1029.5,1950,-887.765,1029.5,1200,-40.7719,
1366,947.617,999.154,1950,-947.617,999.154,1200,-43.4836,
1367,871.985,971.306,1950,-871.985,971.306,1200,-41.9157,
1368,918.236,1030.14,1950,-918.236,1030.14,1200,-41.7129,
1369,945.787,1024.94,1950,-945.787,1024.94,1200,-42.7001,
1370,910.267,969.844,1950,-910.267,969.844,1200,-43.185,
1371,898.758,994.545,1950,-898.758,994.545,1200,-42.1037,
1372,914.28,1000.3,1950,-914.28,1000.3,1200,-42.4275,
1373,988.989,1033.02,1950,-988.989,1033.02,1200,-43.7526,
1374,942.51,1019.16,1950,-942.51,1019.16,1200,-42.7624,
1375,935.879,1017.21,1950,-935.879,1017.21,1200,-42.6153,
1376,922.387,1028.21,1950,-922.387,1028.21,1200,-41.8947,
1377,947.807,1003.59,1950,-947.807,1003.59,1200,-43.3627,
1378,1024.92,1044.42,1950,-1024.92,1044.42,1200,-44.4601,
1379,991.209,995.319,1950,-991.209,995.319,1200,-44.8815,
1380,1071.03,1024.65,1950,-1071.03,1024.65,1200,-46.2678,
1381,1079.98,991.081,1950,-1079.98,991.081,1200,-47.4579,
1382,1095.44,929.637,1950,-1095.44,929.637,1200,-49.6807,
1383,1110.82,985.94,1950,-1110.82,985.94,1200,-48.4084,
1384,1312.28,1068.37,1950,-1312.28,1068.37,1200,-50.8499,
1385,1241.95,1006.11,1950,-1241.95,1006.11,1200,-50.9887,
1386,1530.96,1128.3,1950,-1530.96,1128.3,1200,-53.6103,
1387,1360.35,1015.62,1950,-1360.35,1015.62,1200,-53.2554,
1388,1254.16,931.184,1950,-1254.16,931.184,1200,-53.4069,
1389,1442.23,1079.5,1950,-1442.23,1079.5,1200,-53.1853,
1390,1338.89,943.7,1950,-1338.89,943.7,1200,-54.8223,
1391,1429.53,1016.01,1950,-1429.53,1016.01,1200,-54.5974,
1392,1454.15,1031.24,1950,-1454.15,1031.24,1200,-54.6569,
1393,1596.46,977.829,1950,-1596.46,977.829,1200,-58.5127,
1394,1527.9,988.533,1950,-1527.9,988.533,1200,-57.0976,
1395,1655.66,1021.85,1950,-1655.66,1021.85,1200,-58.3177,
1396,1707.75,1075.75,1950,-1707.75,1075.75,1200,-57.7923,
1397,1894.75,1108.31,1950,-1894.75,1108.31,1200,-59.675,
1400,1737.35,980.28,1950,-1737.35,980.28,1200,-60.5667,
1401,1740.97,900.834,1950,-1740.97,900.834,1200,-62.6415,
1405,1873.12,1000.32,1950,-1873.12,1000.32,1200,-61.8962,
1408,1775.12,973.619,1950,-1775.12,973.619,1200,-61.2561,
